{
    "batch": {
        "memory": [
            0.47753143310546875,
            0.5258331298828125
        ],
        "time": [
            201.94709658622742,
            218.69381952285767
        ]
    },
    "incremental": {
        "memory": [
            0.15834808349609375,
            0.013324737548828125
        ],
        "time": [
            202.2383894920349,
            29.29576301574707
        ]
    }
}