n_components,num_topics,coherence_score,training_time,coherence_calculation_time
10,4,0.3645496826059058,78.66433429718018,8.807309865951538
15,14,0.3947078373321572,82.25831413269043,9.273882150650024
20,2,0.34473398489993906,85.71450138092041,9.137676239013672
25,31,0.42787852239982976,90.87171697616577,10.136134386062622
30,5,0.3813400562403414,93.30514454841614,8.452035427093506
35,2,0.34308095407208516,96.57973146438599,9.345834970474243
40,2,0.34308095407208516,101.278817653656,8.715645790100098
45,2,0.34308095407208516,104.47022747993469,8.761798620223999
50,2,0.34308095407208516,107.26405310630798,9.065462350845337
