n_components,run,num_topics,coherence_score,training_time,coherence_calculation_time
5,1,724,0.5720255365938453,214.01644659042358,519.144722700119
5,2,734,0.5749183742256176,208.18593049049377,532.1633348464966
5,3,750,0.5797103400882334,202.2624020576477,489.3648581504822
20,1,756,0.5879023928416853,253.1974709033966,552.2369453907013
20,2,758,0.575060648647494,272.31754517555237,488.5763716697693
20,3,753,0.5778346911024776,266.500803232193,561.4160008430481
