{
    "batch": {
        "memory": [
            1.8194694519042969,
            0.6315231323242188
        ],
        "time": [
            218.03812289237976,
            219.44355010986328
        ]
    },
    "incremental": {
        "memory": [
            0.20581817626953125,
            0.000102996826171875
        ],
        "time": [
            211.36457657814026,
            30.030667543411255
        ]
    }
}