{
    "batch": {
        "memory": [
            0.4538078308105469,
            0.5393905639648438
        ],
        "time": [
            199.71055388450623,
            217.47182250022888
        ]
    },
    "incremental": {
        "memory": [
            0.16920089721679688,
            5.340576171875e-05
        ],
        "time": [
            209.38270950317383,
            28.327747583389282
        ]
    }
}