{
    "batch": {
        "memory": [
            0.47367095947265625,
            0.5200691223144531
        ],
        "time": [
            211.30677604675293,
            215.0896668434143
        ]
    },
    "incremental": {
        "memory": [
            0.17298507690429688,
            0.00662994384765625
        ],
        "time": [
            202.30946493148804,
            28.533154487609863
        ]
    }
}