{
    "run_number": 3,
    "timestamp": "20241219_205212",
    "batch_results": {
        "initial": {
            "cpu_memory": 8.79534912109375,
            "gpu_memory": {
                "gpu_0": {
                    "allocated_diff": 0.08523130416870117,
                    "reserved_diff": 0.291015625
                },
                "gpu_1": {
                    "allocated_diff": 0.0,
                    "reserved_diff": 0.0
                },
                "gpu_2": {
                    "allocated_diff": 0.0,
                    "reserved_diff": 0.0
                },
                "gpu_3": {
                    "allocated_diff": 0.0,
                    "reserved_diff": 0.0
                }
            },
            "time": 6447.439282417297
        },
        "full": {
            "cpu_memory": 9.756660461425781,
            "gpu_memory": {
                "gpu_0": {
                    "allocated_diff": 0.08523130416870117,
                    "reserved_diff": 0.240234375
                },
                "gpu_1": {
                    "allocated_diff": 0.0,
                    "reserved_diff": 0.0
                },
                "gpu_2": {
                    "allocated_diff": 0.0,
                    "reserved_diff": 0.0
                },
                "gpu_3": {
                    "allocated_diff": 0.0,
                    "reserved_diff": 0.0
                }
            },
            "time": 7197.170764923096
        }
    },
    "incremental_results": [
        {
            "year": 2000,
            "cpu_memory": 0.2530975341796875,
            "gpu_memory": {
                "gpu_0": {
                    "allocated_diff": 0.08523130416870117,
                    "reserved_diff": 0.291015625
                },
                "gpu_1": {
                    "allocated_diff": 0.0,
                    "reserved_diff": 0.0
                },
                "gpu_2": {
                    "allocated_diff": 0.0,
                    "reserved_diff": 0.0
                },
                "gpu_3": {
                    "allocated_diff": 0.0,
                    "reserved_diff": 0.0
                }
            },
            "time": 149.58749055862427
        },
        {
            "year": 2001,
            "cpu_memory": 0.16703033447265625,
            "gpu_memory": {
                "gpu_0": {
                    "allocated_diff": 0.08462095260620117,
                    "reserved_diff": 0.296875
                },
                "gpu_1": {
                    "allocated_diff": 0.0,
                    "reserved_diff": 0.0
                },
                "gpu_2": {
                    "allocated_diff": 0.0,
                    "reserved_diff": 0.0
                },
                "gpu_3": {
                    "allocated_diff": 0.0,
                    "reserved_diff": 0.0
                }
            },
            "time": 122.30461549758911
        },
        {
            "year": 2002,
            "cpu_memory": 0.20291900634765625,
            "gpu_memory": {
                "gpu_0": {
                    "allocated_diff": 0.08523130416870117,
                    "reserved_diff": 0.267578125
                },
                "gpu_1": {
                    "allocated_diff": 0.0,
                    "reserved_diff": 0.0
                },
                "gpu_2": {
                    "allocated_diff": 0.0,
                    "reserved_diff": 0.0
                },
                "gpu_3": {
                    "allocated_diff": 0.0,
                    "reserved_diff": 0.0
                }
            },
            "time": 125.94006562232971
        },
        {
            "year": 2003,
            "cpu_memory": 0.21650314331054688,
            "gpu_memory": {
                "gpu_0": {
                    "allocated_diff": 0.08462095260620117,
                    "reserved_diff": 0.275390625
                },
                "gpu_1": {
                    "allocated_diff": 0.0,
                    "reserved_diff": 0.0
                },
                "gpu_2": {
                    "allocated_diff": 0.0,
                    "reserved_diff": 0.0
                },
                "gpu_3": {
                    "allocated_diff": 0.0,
                    "reserved_diff": 0.0
                }
            },
            "time": 140.3470642566681
        },
        {
            "year": 2004,
            "cpu_memory": 0.22848129272460938,
            "gpu_memory": {
                "gpu_0": {
                    "allocated_diff": 0.08523130416870117,
                    "reserved_diff": 0.25390625
                },
                "gpu_1": {
                    "allocated_diff": 0.0,
                    "reserved_diff": 0.0
                },
                "gpu_2": {
                    "allocated_diff": 0.0,
                    "reserved_diff": 0.0
                },
                "gpu_3": {
                    "allocated_diff": 0.0,
                    "reserved_diff": 0.0
                }
            },
            "time": 140.0891842842102
        },
        {
            "year": 2005,
            "cpu_memory": 0.17717742919921875,
            "gpu_memory": {
                "gpu_0": {
                    "allocated_diff": 0.08462095260620117,
                    "reserved_diff": 0.2734375
                },
                "gpu_1": {
                    "allocated_diff": 0.0,
                    "reserved_diff": 0.0
                },
                "gpu_2": {
                    "allocated_diff": 0.0,
                    "reserved_diff": 0.0
                },
                "gpu_3": {
                    "allocated_diff": 0.0,
                    "reserved_diff": 0.0
                }
            },
            "time": 116.25460124015808
        },
        {
            "year": 2006,
            "cpu_memory": 0.21656036376953125,
            "gpu_memory": {
                "gpu_0": {
                    "allocated_diff": 0.08523130416870117,
                    "reserved_diff": 0.25
                },
                "gpu_1": {
                    "allocated_diff": 0.0,
                    "reserved_diff": 0.0
                },
                "gpu_2": {
                    "allocated_diff": 0.0,
                    "reserved_diff": 0.0
                },
                "gpu_3": {
                    "allocated_diff": 0.0,
                    "reserved_diff": 0.0
                }
            },
            "time": 131.391428232193
        },
        {
            "year": 2007,
            "cpu_memory": 0.23247528076171875,
            "gpu_memory": {
                "gpu_0": {
                    "allocated_diff": 0.08462095260620117,
                    "reserved_diff": 0.271484375
                },
                "gpu_1": {
                    "allocated_diff": 0.0,
                    "reserved_diff": 0.0
                },
                "gpu_2": {
                    "allocated_diff": 0.0,
                    "reserved_diff": 0.0
                },
                "gpu_3": {
                    "allocated_diff": 0.0,
                    "reserved_diff": 0.0
                }
            },
            "time": 135.95012378692627
        },
        {
            "year": 2008,
            "cpu_memory": 0.236907958984375,
            "gpu_memory": {
                "gpu_0": {
                    "allocated_diff": 0.08523130416870117,
                    "reserved_diff": 0.248046875
                },
                "gpu_1": {
                    "allocated_diff": 0.0,
                    "reserved_diff": 0.0
                },
                "gpu_2": {
                    "allocated_diff": 0.0,
                    "reserved_diff": 0.0
                },
                "gpu_3": {
                    "allocated_diff": 0.0,
                    "reserved_diff": 0.0
                }
            },