min_dist,num_topics,coherence_score,training_time,coherence_calculation_time
0.0,144,0.5356650562996585,410.1714336872101,21.952268838882446
0.1,132,0.5367290626118236,446.0248692035675,19.73542356491089
0.2,132,0.539539976751429,454.24955105781555,19.923102617263794
0.4,116,0.5361750666602584,445.99713587760925,18.937446355819702
0.6,5,0.28620761537399664,335.9585542678833,11.166423559188843
0.8,4,0.287440174845806,335.63912296295166,11.122776746749878
1.0,3,0.3340687346985909,336.32940697669983,11.187915563583374
