n_components,num_topics,coherence_score,training_time,coherence_calculation_time
5,724,0.5720255365938453,283.50998306274414,647.1960732936859
8,752,0.5816950181161085,320.60844373703003,604.8893704414368
11,783,0.5856543828858973,245.47530317306519,526.7025816440582
14,756,0.5826244519576927,368.9464337825775,601.3785367012024
17,794,0.5801476260377585,395.73780155181885,638.5307095050812
20,756,0.5879023928416853,345.3451716899872,659.0711629390717
