metric,average,std_dev
Training Time,225.52684712409973,25.519745134762204
Coherence Score,0.5744210964705847,0.0
Number of Topics,831.2,6.273754856543249
