{
    "batch": {
        "memory": [
            1.8153343200683594,
            0.6286354064941406
        ],
        "time": [
            222.70092511177063,
            217.57235312461853
        ]
    },
    "incremental": {
        "memory": [
            0.2095184326171875,
            0.000244140625
        ],
        "time": [
            212.09599804878235,
            29.36317467689514
        ]
    }
}