{
    "batch": {
        "memory": [
            0.4674873352050781,
            0.5579147338867188
        ],
        "time": [
            207.6360673904419,
            216.4950819015503
        ]
    },
    "incremental": {
        "memory": [
            0.13503646850585938,
            8.0108642578125e-05
        ],
        "time": [
            209.61873173713684,
            29.286818265914917
        ]
    }
}