n_components,num_topics,coherence_score,training_time,coherence_calculation_time
5,839,0.5698065890956122,282.41093587875366,712.4040904045105
8,835,0.5735515913865235,219.05667662620544,687.9460949897766
11,849,0.5687674936460159,279.7913775444031,725.5548961162567
14,848,0.5707590086418508,295.1263642311096,723.8374698162079
17,867,0.5733528069087294,295.5577652454376,745.1809079647064
20,830,0.5667925824869773,312.88242387771606,713.0123338699341
