{
    "batch": {
        "peak_memory": [
            36.46211242675781
        ],
        "gpu_memory": [
            [
                {
                    "device": 0,
                    "allocated": 0.0,
                    "reserved": 0.0
                },
                {
                    "device": 1,
                    "allocated": 0.0,
                    "reserved": 0.0
                },
                {
                    "device": 2,
                    "allocated": 0.0,
                    "reserved": 0.0
                },
                {
                    "device": 3,
                    "allocated": 0.09255552291870117,
                    "reserved": 0.310546875
                }
            ]
        ],
        "training_time": [
            7675.599778413773
        ]
    },
    "simultaneous_merge": {
        "training": {
            "peak_memory": [
                26.886028289794922
            ],
            "gpu_memory": [],
            "time": []
        },
        "merge": {
            "peak_memory": [
                26.902080535888672
            ],
            "gpu_memory": [],
            "time": [
                14.646206855773926
            ]
        }
    }
}