{
    "batch": {
        "memory": [
            0.4789695739746094,
            0.5260429382324219
        ],
        "time": [
            203.82619380950928,
            219.40488195419312
        ]
    },
    "incremental": {
        "memory": [
            0.16341400146484375,
            0.000308990478515625
        ],
        "time": [
            206.0402126312256,
            29.807591676712036
        ]
    }
}