{
    "batch": {
        "memory": [
            0.4545631408691406,
            0.5203475952148438
        ],
        "time": [
            214.1750898361206,
            216.40721583366394
        ]
    },
    "incremental": {
        "memory": [
            0.20302963256835938,
            0.00656890869140625
        ],
        "time": [
            206.78465485572815,
            30.4072425365448
        ]
    }
}