n_components,run,num_topics,coherence_score,training_time,coherence_calculation_time
11,1,783,0.5856543828858973,235.79280424118042,502.2623224258423
11,2,752,0.5751828340586363,228.08585047721863,479.03573966026306
11,3,772,0.5752481145388383,220.54229545593262,495.80137872695923
20,1,756,0.5879023928416853,254.4310748577118,533.1300976276398
20,2,758,0.575060648647494,254.45824766159058,487.18978905677795
20,3,753,0.5778346911024776,255.74792337417603,548.2123401165009
