topic_id,cv_score,cnpmi_score,size,top_words,word_weights
0,0.4472100545870024,-0.03609434312324422,6957,"the, to, that, of, and, is, in, we, for, it","0.0697, 0.0516, 0.0483, 0.0449, 0.0421, 0.0367, 0.0348, 0.0297, 0.0294, 0.0289"
1,0.4400384279900075,-0.03936166882423136,1265,"the, to, and, that, in, of, is, for, nhs, health","0.0621, 0.0489, 0.0460, 0.0436, 0.0409, 0.0404, 0.0354, 0.0338, 0.0326, 0.0323"
2,0.42835173776678365,-0.03733317563697402,843,"the, to, and, of, we, that, in, is, climate, for","0.0633, 0.0524, 0.0463, 0.0430, 0.0410, 0.0407, 0.0381, 0.0342, 0.0309, 0.0275"
3,0.4513916514542612,-0.03467778275667092,783,"the, to, of, and, that, in, we, is, are, on","0.0679, 0.0525, 0.0476, 0.0455, 0.0448, 0.0434, 0.0380, 0.0348, 0.0246, 0.0242"
4,0.42247641779690986,-0.03948645752093533,691,"the, to, of, and, that, in, is, police, for, have","0.0629, 0.0500, 0.0473, 0.0464, 0.0436, 0.0414, 0.0335, 0.0316, 0.0302, 0.0258"
5,0.4296022762738918,-0.023702098892930217,559,"the, to, and, of, that, is, for, in, transport, rail","0.0673, 0.0522, 0.0470, 0.0429, 0.0411, 0.0362, 0.0356, 0.0354, 0.0320, 0.0279"
6,0.4603191749267716,-0.010763150060185436,490,"schools, the, and, to, in, that, of, education, for, school","0.0606, 0.0590, 0.0472, 0.0467, 0.0445, 0.0439, 0.0399, 0.0384, 0.0363, 0.0352"
7,0.45036407082534247,-0.025207329358624707,397,"the, to, housing, and, that, of, in, is, we, homes","0.0579, 0.0528, 0.0495, 0.0435, 0.0431, 0.0425, 0.0406, 0.0346, 0.0345, 0.0322"
Overall,0.44121922645262124,-0.030828250771724526,20000,,
