{
    "batch": {
        "cpu_memory": [
            0.5317497253417969,
            0.6400299072265625
        ],
        "gpu_memory": [
            {
                "gpu_0": {
                    "allocated_diff": 0.08523130416870117,
                    "reserved_diff": 0.05859375
                },
                "gpu_1": {
                    "allocated_diff": 0.0,
                    "reserved_diff": 0.0
                },
                "gpu_2": {
                    "allocated_diff": 0.0,
                    "reserved_diff": 0.0
                },
                "gpu_3": {
                    "allocated_diff": 0.0,
                    "reserved_diff": 0.0
                }
            },
            {
                "gpu_0": {
                    "allocated_diff": 0.08462095260620117,
                    "reserved_diff": 0.080078125
                },
                "gpu_1": {
                    "allocated_diff": 0.0,
                    "reserved_diff": 0.0
                },
                "gpu_2": {
                    "allocated_diff": 0.0,
                    "reserved_diff": 0.0
                },
                "gpu_3": {
                    "allocated_diff": 0.0,
                    "reserved_diff": 0.0
                }
            }
        ],
        "time": [
            203.38380575180054,
            211.3686912059784
        ]
    },
    "incremental": {
        "cpu_memory": [
            0.217071533203125,
            5.7220458984375e-05
        ],
        "gpu_memory": [
            {
                "gpu_0": {
                    "allocated_diff": 0.08523130416870117,
                    "reserved_diff": 0.05859375
                },
                "gpu_1": {
                    "allocated_diff": 0.0,
                    "reserved_diff": 0.0
                },
                "gpu_2": {
                    "allocated_diff": 0.0,
                    "reserved_diff": 0.0
                },
                "gpu_3": {
                    "allocated_diff": 0.0,
                    "reserved_diff": 0.0
                }
            },
            {
                "gpu_0": {
                    "allocated_diff": 0.08462095260620117,
                    "reserved_diff": 0.080078125
                },
                "gpu_1": {
                    "allocated_diff": 0.0,
                    "reserved_diff": 0.0
                },
                "gpu_2": {
                    "allocated_diff": 0.0,
                    "reserved_diff": 0.0
                },
                "gpu_3": {
                    "allocated_diff": 0.0,
                    "reserved_diff": 0.0
                }
            }
        ],
        "time": [
            206.65292048454285,
            29.364612579345703
        ]
    }
}