{
    "batch": {
        "memory_mean": 0.679034678141276,
        "memory_std": 0.447971925103562,
        "time_mean": 211.8885711669922,
        "time_std": 6.963750813834919
    },
    "incremental": {
        "memory_mean": 0.08113212585449218,
        "memory_std": 0.08094818773218608,
        "time_mean": 118.4811782836914,
        "time_std": 89.19214793036517
    }
}