{
    "batch": {
        "memory": [
            0.47980499267578125,
            0.5284156799316406
        ],
        "time": [
            209.93396043777466,
            216.0821475982666
        ]
    },
    "incremental": {
        "memory": [
            0.163970947265625,
            8.392333984375e-05
        ],
        "time": [
            210.32084274291992,
            29.343842267990112
        ]
    }
}