{
    "run_number": 2,
    "timestamp": "20241219_161242",
    "batch_results": {
        "initial": {
            "cpu_memory": 8.809123992919922,
            "gpu_memory": {
                "gpu_0": {
                    "allocated_diff": 0.08523130416870117,
                    "reserved_diff": 0.291015625
                },
                "gpu_1": {
                    "allocated_diff": 0.0,
                    "reserved_diff": 0.0
                },
                "gpu_2": {
                    "allocated_diff": 0.0,
                    "reserved_diff": 0.0
                },
                "gpu_3": {
                    "allocated_diff": 0.0,
                    "reserved_diff": 0.0
                }
            },
            "time": 5932.753897190094
        },
        "full": {
            "cpu_memory": 9.873100280761719,
            "gpu_memory": {
                "gpu_0": {
                    "allocated_diff": 0.08523130416870117,
                    "reserved_diff": 0.240234375
                },
                "gpu_1": {
                    "allocated_diff": 0.0,
                    "reserved_diff": 0.0
                },
                "gpu_2": {
                    "allocated_diff": 0.0,
                    "reserved_diff": 0.0
                },
                "gpu_3": {
                    "allocated_diff": 0.0,
                    "reserved_diff": 0.0
                }
            },
            "time": 7390.253742456436
        }
    },
    "incremental_results": [
        {
            "year": 2000,
            "cpu_memory": 0.26749420166015625,
            "gpu_memory": {
                "gpu_0": {
                    "allocated_diff": 0.08523130416870117,
                    "reserved_diff": 0.291015625
                },
                "gpu_1": {
                    "allocated_diff": 0.0,
                    "reserved_diff": 0.0
                },
                "gpu_2": {
                    "allocated_diff": 0.0,
                    "reserved_diff": 0.0
                },
                "gpu_3": {
                    "allocated_diff": 0.0,
                    "reserved_diff": 0.0
                }
            },
            "time": 151.30893850326538
        },
        {
            "year": 2001,
            "cpu_memory": 0.15601730346679688,
            "gpu_memory": {
                "gpu_0": {
                    "allocated_diff": 0.08462095260620117,
                    "reserved_diff": 0.296875
                },
                "gpu_1": {
                    "allocated_diff": 0.0,
                    "reserved_diff": 0.0
                },
                "gpu_2": {
                    "allocated_diff": 0.0,
                    "reserved_diff": 0.0
                },
                "gpu_3": {
                    "allocated_diff": 0.0,
                    "reserved_diff": 0.0
                }
            },
            "time": 124.79216766357422
        },
        {
            "year": 2002,
            "cpu_memory": 0.2120208740234375,
            "gpu_memory": {
                "gpu_0": {
                    "allocated_diff": 0.08523130416870117,
                    "reserved_diff": 0.267578125
                },
                "gpu_1": {
                    "allocated_diff": 0.0,
                    "reserved_diff": 0.0
                },
                "gpu_2": {
                    "allocated_diff": 0.0,
                    "reserved_diff": 0.0
                },
                "gpu_3": {
                    "allocated_diff": 0.0,
                    "reserved_diff": 0.0
                }
            },
            "time": 125.30319929122925
        },
        {
            "year": 2003,
            "cpu_memory": 0.23334121704101562,
            "gpu_memory": {
                "gpu_0": {
                    "allocated_diff": 0.08462095260620117,
                    "reserved_diff": 0.275390625
                },
                "gpu_1": {
                    "allocated_diff": 0.0,
                    "reserved_diff": 0.0
                },
                "gpu_2": {
                    "allocated_diff": 0.0,
                    "reserved_diff": 0.0
                },
                "gpu_3": {
                    "allocated_diff": 0.0,
                    "reserved_diff": 0.0
                }
            },
            "time": 143.677481174469
        },
        {
            "year": 2004,
            "cpu_memory": 0.2417144775390625,
            "gpu_memory": {
                "gpu_0": {
                    "allocated_diff": 0.08523130416870117,
                    "reserved_diff": 0.25390625
                },
                "gpu_1": {
                    "allocated_diff": 0.0,
                    "reserved_diff": 0.0
                },
                "gpu_2": {
                    "allocated_diff": 0.0,
                    "reserved_diff": 0.0
                },
                "gpu_3": {
                    "allocated_diff": 0.0,
                    "reserved_diff": 0.0
                }
            },
            "time": 142.87505054473877
        },
        {
            "year": 2005,
            "cpu_memory": 0.19547653198242188,
            "gpu_memory": {
                "gpu_0": {
                    "allocated_diff": 0.08462095260620117,
                    "reserved_diff": 0.2734375
                },
                "gpu_1": {
                    "allocated_diff": 0.0,
                    "reserved_diff": 0.0
                },
                "gpu_2": {
                    "allocated_diff": 0.0,
                    "reserved_diff": 0.0
                },
                "gpu_3": {
                    "allocated_diff": 0.0,
                    "reserved_diff": 0.0
                }
            },
            "time": 117.7769992351532
        },
        {
            "year": 2006,
            "cpu_memory": 0.2296600341796875,
            "gpu_memory": {
                "gpu_0": {
                    "allocated_diff": 0.08523130416870117,
                    "reserved_diff": 0.25
                },
                "gpu_1": {
                    "allocated_diff": 0.0,
                    "reserved_diff": 0.0
                },
                "gpu_2": {
                    "allocated_diff": 0.0,
                    "reserved_diff": 0.0
                },
                "gpu_3": {
                    "allocated_diff": 0.0,
                    "reserved_diff": 0.0
                }
            },
            "time": 128.37510466575623
        },
        {
            "year": 2007,
            "cpu_memory": 0.24322891235351562,
            "gpu_memory": {
                "gpu_0": {
                    "allocated_diff": 0.08462095260620117,
                    "reserved_diff": 0.271484375
                },
                "gpu_1": {
                    "allocated_diff": 0.0,
                    "reserved_diff": 0.0
                },
                "gpu_2": {
                    "allocated_diff": 0.0,
                    "reserved_diff": 0.0
                },
                "gpu_3": {
                    "allocated_diff": 0.0,
                    "reserved_diff": 0.0
                }
            },
            "time": 133.28327822685242
        },
        {
            "year": 2008,
            "cpu_memory": 0.24863052368164062,
            "gpu_memory": {
                "gpu_0": {
                    "allocated_diff": 0.08523130416870117,
                    "reserved_diff": 0.248046875
                },
                "gpu_1": {
                    "allocated_diff": 0.0,
                    "reserved_diff": 0.0
                },
                "gpu_2": {
                    "allocated_diff": 0.0,
                    "reserved_diff": 0.0
                },
                "gpu_3": {
                    "allocated_diff": 0.0,
                    "reserved_diff": 0.0
                }
            },