{
    "batch": {
        "memory_mean": 0.6649449666341146,
        "memory_std": 0.456060817646901,
        "time_mean": 212.00026238759358,
        "time_std": 6.8511556644457565
    },
    "incremental": {
        "memory_mean": 0.09597663879394532,
        "memory_std": 0.09394432850472201,
        "time_mean": 118.14452214241028,
        "time_std": 88.7840194105175
    }
}