{
    "batch": {
        "memory": [
            0.4660758972167969,
            0.5086479187011719
        ],
        "time": [
            210.16402792930603,
            217.8003010749817
        ]
    },
    "incremental": {
        "memory": [
            0.15877914428710938,
            7.62939453125e-05
        ],
        "time": [
            205.17352390289307,
            28.58286166191101
        ]
    }
}