n_components,num_topics,coherence_score,training_time,coherence_calculation_time
10,17,0.3095514914031824,82.11841201782227,9.941896200180054
15,31,0.37756979931089046,90.20987796783447,12.505346298217773
20,39,0.37985188063170877,90.59802341461182,10.238787412643433
25,48,0.4121814760414389,137.48904013633728,12.381995439529419
30,45,0.40471434451786226,108.95662593841553,10.63512921333313
35,51,0.4300861516056808,110.56899189949036,13.647864818572998
40,54,0.4609935444623985,117.23913025856018,11.303804159164429
45,58,0.48711316074827404,120.43206095695496,11.936816692352295
50,63,0.5011141121172232,122.6154637336731,12.160903453826904
