{
    "batch": {
        "peak_memory": [
            17.381942749023438
        ],
        "gpu_memory": [
            [
                {
                    "device": 0,
                    "allocated": 0.0,
                    "reserved": 0.0
                },
                {
                    "device": 1,
                    "allocated": 0.0,
                    "reserved": 0.0
                },
                {
                    "device": 2,
                    "allocated": 0.0,
                    "reserved": 0.0
                },
                {
                    "device": 3,
                    "allocated": 0.09255552291870117,
                    "reserved": 0.310546875
                }
            ]
        ],
        "training_time": [
            2863.80011343956
        ]
    },
    "simultaneous_merge": {
        "training": {
            "peak_memory": [
                14.063518524169922
            ],
            "gpu_memory": [],
            "time": []
        },
        "merge": {
            "peak_memory": [
                16.47665023803711
            ],
            "gpu_memory": [],
            "time": [
                31.775514364242554
            ]
        }
    }
}