{
    "run_number": 1,
    "timestamp": "20241218_212539",
    "batch_results": {
        "initial": {
            "cpu_memory": 31.85491180419922,
            "gpu_memory": {
                "gpu_0": {
                    "allocated_diff": 0.09255552291870117,
                    "reserved_diff": 0.310546875
                },
                "gpu_1": {
                    "allocated_diff": 0.0,
                    "reserved_diff": 0.0
                },
                "gpu_2": {
                    "allocated_diff": 0.0,
                    "reserved_diff": 0.0
                },
                "gpu_3": {
                    "allocated_diff": 0.0,
                    "reserved_diff": 0.0
                }
            },
            "time": 6064.786725282669
        },
        "full": {
            "cpu_memory": 13.42325210571289,
            "gpu_memory": {
                "gpu_0": {
                    "allocated_diff": 0.08523130416870117,
                    "reserved_diff": 0.240234375
                },
                "gpu_1": {
                    "allocated_diff": 0.0,
                    "reserved_diff": 0.0
                },
                "gpu_2": {
                    "allocated_diff": 0.0,
                    "reserved_diff": 0.0
                },
                "gpu_3": {
                    "allocated_diff": 0.0,
                    "reserved_diff": 0.0
                }
            },
            "time": 7284.508291959763
        }
    },
    "incremental_results": [
        {
            "year": 2000,
            "cpu_memory": 0.2595329284667969,
            "gpu_memory": {
                "gpu_0": {
                    "allocated_diff": 0.08523130416870117,
                    "reserved_diff": 0.291015625
                },
                "gpu_1": {
                    "allocated_diff": 0.0,
                    "reserved_diff": 0.0
                },
                "gpu_2": {
                    "allocated_diff": 0.0,
                    "reserved_diff": 0.0
                },
                "gpu_3": {
                    "allocated_diff": 0.0,
                    "reserved_diff": 0.0
                }
            },
            "time": 151.241779088974
        },
        {
            "year": 2001,
            "cpu_memory": 0.17602157592773438,
            "gpu_memory": {
                "gpu_0": {
                    "allocated_diff": 0.08462095260620117,
                    "reserved_diff": 0.296875
                },
                "gpu_1": {
                    "allocated_diff": 0.0,
                    "reserved_diff": 0.0
                },
                "gpu_2": {
                    "allocated_diff": 0.0,
                    "reserved_diff": 0.0
                },
                "gpu_3": {
                    "allocated_diff": 0.0,
                    "reserved_diff": 0.0
                }
            },
            "time": 122.97255396842957
        },
        {
            "year": 2002,
            "cpu_memory": 0.20273208618164062,
            "gpu_memory": {
                "gpu_0": {
                    "allocated_diff": 0.08523130416870117,
                    "reserved_diff": 0.267578125
                },
                "gpu_1": {
                    "allocated_diff": 0.0,
                    "reserved_diff": 0.0
                },
                "gpu_2": {
                    "allocated_diff": 0.0,
                    "reserved_diff": 0.0
                },
                "gpu_3": {
                    "allocated_diff": 0.0,
                    "reserved_diff": 0.0
                }
            },
            "time": 125.99916362762451
        },
        {
            "year": 2003,
            "cpu_memory": 0.22281646728515625,
            "gpu_memory": {
                "gpu_0": {
                    "allocated_diff": 0.08462095260620117,
                    "reserved_diff": 0.275390625
                },
                "gpu_1": {
                    "allocated_diff": 0.0,
                    "reserved_diff": 0.0
                },
                "gpu_2": {
                    "allocated_diff": 0.0,
                    "reserved_diff": 0.0
                },
                "gpu_3": {
                    "allocated_diff": 0.0,
                    "reserved_diff": 0.0
                }
            },
            "time": 138.44048261642456
        },
        {
            "year": 2004,
            "cpu_memory": 0.2386322021484375,
            "gpu_memory": {
                "gpu_0": {
                    "allocated_diff": 0.08523130416870117,
                    "reserved_diff": 0.25390625
                },
                "gpu_1": {
                    "allocated_diff": 0.0,
                    "reserved_diff": 0.0
                },
                "gpu_2": {
                    "allocated_diff": 0.0,
                    "reserved_diff": 0.0
                },
                "gpu_3": {
                    "allocated_diff": 0.0,
                    "reserved_diff": 0.0
                }
            },
            "time": 139.9553987979889
        },
        {
            "year": 2005,
            "cpu_memory": 0.1825714111328125,
            "gpu_memory": {
                "gpu_0": {
                    "allocated_diff": 0.08462095260620117,
                    "reserved_diff": 0.2734375
                },
                "gpu_1": {
                    "allocated_diff": 0.0,
                    "reserved_diff": 0.0
                },
                "gpu_2": {
                    "allocated_diff": 0.0,
                    "reserved_diff": 0.0
                },
                "gpu_3": {
                    "allocated_diff": 0.0,
                    "reserved_diff": 0.0
                }
            },
            "time": 113.29481434822083
        },
        {
            "year": 2006,
            "cpu_memory": 0.2232666015625,
            "gpu_memory": {
                "gpu_0": {
                    "allocated_diff": 0.08523130416870117,
                    "reserved_diff": 0.25
                },
                "gpu_1": {
                    "allocated_diff": 0.0,
                    "reserved_diff": 0.0
                },
                "gpu_2": {
                    "allocated_diff": 0.0,
                    "reserved_diff": 0.0
                },
                "gpu_3": {
                    "allocated_diff": 0.0,
                    "reserved_diff": 0.0
                }
            },
            "time": 132.6997036933899
        },
        {
            "year": 2007,
            "cpu_memory": 0.23761367797851562,
            "gpu_memory": {
                "gpu_0": {
                    "allocated_diff": 0.08462095260620117,
                    "reserved_diff": 0.271484375
                },
                "gpu_1": {
                    "allocated_diff": 0.0,
                    "reserved_diff": 0.0
                },
                "gpu_2": {
                    "allocated_diff": 0.0,
                    "reserved_diff": 0.0
                },
                "gpu_3": {
                    "allocated_diff": 0.0,
                    "reserved_diff": 0.0
                }
            },
            "time": 133.98477864265442
        },
        {
            "year": 2008,
            "cpu_memory": 0.25299835205078125,
            "gpu_memory": {
                "gpu_0": {
                    "allocated_diff": 0.08523130416870117,
                    "reserved_diff": 0.248046875
                },
                "gpu_1": {
                    "allocated_diff": 0.0,
                    "reserved_diff": 0.0
                },
                "gpu_2": {
                    "allocated_diff": 0.0,
                    "reserved_diff": 0.0
                },
                "gpu_3": {
                    "allocated_diff": 0.0,
                    "reserved_diff": 0.0
                }
            },
            "time": 143.7886049747467
        },
        {
            "year": 2009,