n_components,num_topics,coherence_score,training_time,coherence_calculation_time
5,838,0.584357009151241,552.9243865013123,536.0049543380737
8,859,0.5815016136440636,1128.0980265140533,729.328625202179
11,851,0.5842779211943704,1063.5921456813812,668.7406916618347
14,821,0.5838410838204733,1137.0952298641205,562.5671346187592
17,829,0.587227029758182,1052.3809385299683,552.2066550254822
20,844,0.5836458603282831,1004.4264566898346,554.2817251682281
