{
    "batch": {
        "memory": [
            1.8167533874511719,
            0.6357383728027344
        ],
        "time": [
            216.53437161445618,
            217.03695797920227
        ]
    },
    "incremental": {
        "memory": [
            0.20816802978515625,
            0.0001068115234375
        ],
        "time": [
            212.7465524673462,
            28.663052320480347
        ]
    }
}