{
    "batch": {
        "memory": [
            0.41249847412109375,
            0.5348243713378906
        ],
        "time": [
            203.13322067260742,
            218.8641538619995
        ]
    },
    "incremental": {
        "memory": [
            0.19531631469726562,
            6.103515625e-05
        ],
        "time": [
            204.64457249641418,
            29.660430908203125
        ]
    }
}