{
    "batch": {
        "memory": [
            0.45915985107421875,
            0.5460853576660156
        ],
        "time": [
            204.32631754875183,
            216.39643120765686
        ]
    },
    "incremental": {
        "memory": [
            0.13068771362304688,
            2.6702880859375e-05
        ],
        "time": [
            203.8845181465149,
            29.363704442977905
        ]
    }
}